{
  "timestamp": "2026-07-05 18:45:01",
  "random_seed": 42,
  "repetitions_per_scenario": 5,
  "note": "Service latencies are simulated (sleep-based: DB 50ms, API 100ms, compute 75ms). The cache is EXACT-MATCH keyed on tool name + canonicalised arguments (not embedding-based semantic caching). Each scenario repeated; speedup/hit-rate reported as mean +/- std.",
  "scenarios": [
    {
      "scenario": "Low repetition (70% unique)",
      "unique_ratio": 0.7,
      "requests": 100,
      "repetitions": 5,
      "without_cache": {
        "total_requests": 100,
        "total_time_ms": 7507.97170000078,
        "mean_latency_ms": 75.0797170000078,
        "median_latency_ms": 75.38869000009072,
        "std_latency_ms": 19.984464673151603,
        "p95_latency_ms": 100.63234000008379,
        "p99_latency_ms": 100.87152000005517,
        "min_latency_ms": 50.1283800001147,
        "max_latency_ms": 100.87152000005517
      },
      "with_cache": {
        "total_requests": 100,
        "total_time_ms": 1501.8572200002382,
        "mean_latency_ms": 15.018572200002382,
        "median_latency_ms": 0.02003000004151545,
        "std_latency_ms": 30.41145905208367,
        "p95_latency_ms": 95.37293999983376,
        "p99_latency_ms": 100.70966000002954,
        "min_latency_ms": 0.006799999937356915,
        "max_latency_ms": 100.70966000002954
      },
      "cache_stats": {
        "hit_rate": 78.8,
        "hit_rate_std": 0.8366600265340756
      },
      "speedup": 5.00410056280171,
      "speedup_std": 0.23851022304941089,
      "speedup_per_run": [
        4.973431169218632,
        4.700343439787956,
        4.8884371150318415,
        5.328319592371838,
        5.1299714975982855
      ],
      "time_reduction_percent": 79.9801502597065
    },
    {
      "scenario": "Medium repetition (50% unique)",
      "unique_ratio": 0.5,
      "requests": 100,
      "repetitions": 5,
      "without_cache": {
        "total_requests": 100,
        "total_time_ms": 7284.778919999735,
        "mean_latency_ms": 72.84778919999735,
        "median_latency_ms": 75.35055999996985,
        "std_latency_ms": 19.908887944149754,
        "p95_latency_ms": 100.56792000013957,
        "p99_latency_ms": 100.75642000001608,
        "min_latency_ms": 50.17987999999605,
        "max_latency_ms": 100.75642000001608
      },
      "with_cache": {
        "total_requests": 100,
        "total_time_ms": 1406.498319999264,
        "mean_latency_ms": 14.06498319999264,
        "median_latency_ms": 0.017510000043330365,
        "std_latency_ms": 29.884502724226948,
        "p95_latency_ms": 95.36543999993228,
        "p99_latency_ms": 100.73520000005374,
        "min_latency_ms": 0.0064799998654052615,
        "max_latency_ms": 100.73520000005374
      },
      "cache_stats": {
        "hit_rate": 80.4,
        "hit_rate_std": 0.8944271909999159
      },
      "speedup": 5.189629963299257,
      "speedup_std": 0.296217023944897,
      "speedup_per_run": [
        5.291370601691529,
        5.19651167894406,
        4.701197428234864,
        5.501775303880093,
        5.257294803745742
      ],
      "time_reduction_percent": 80.67786184781677
    },
    {
      "scenario": "High repetition (30% unique)",
      "unique_ratio": 0.3,
      "requests": 100,
      "repetitions": 5,
      "without_cache": {
        "total_requests": 100,
        "total_time_ms": 7141.066880001017,
        "mean_latency_ms": 71.41066880001017,
        "median_latency_ms": 75.25101000010181,
        "std_latency_ms": 19.88793480297846,
        "p95_latency_ms": 100.58215999997628,
        "p99_latency_ms": 100.76538000012079,
        "min_latency_ms": 50.10381999991296,
        "max_latency_ms": 100.76538000012079
      },
      "with_cache": {
        "total_requests": 100,
        "total_time_ms": 1235.0555400011217,
        "mean_latency_ms": 12.350555400011217,
        "median_latency_ms": 0.013129999979355489,
        "std_latency_ms": 28.231618381711623,
        "p95_latency_ms": 85.54846000006364,
        "p99_latency_ms": 100.7221800001389,
        "min_latency_ms": 0.008339999931195052,
        "max_latency_ms": 100.7221800001389
      },
      "cache_stats": {
        "hit_rate": 82.6,
        "hit_rate_std": 1.51657508881031
      },
      "speedup": 5.814125671430482,
      "speedup_std": 0.5712959063696975,
      "speedup_per_run": [
        5.660442403807662,
        6.639462683173236,
        5.062109181495782,
        5.727898116155831,
        5.980715972519895
      ],
      "time_reduction_percent": 82.6677295838372
    },
    {
      "scenario": "Very high repetition (10% unique)",
      "unique_ratio": 0.1,
      "requests": 100,
      "repetitions": 5,
      "without_cache": {
        "total_requests": 100,
        "total_time_ms": 6950.653920000241,
        "mean_latency_ms": 69.50653920000241,
        "median_latency_ms": 65.4819700000644,
        "std_latency_ms": 18.05494682872107,
        "p95_latency_ms": 95.56424000002153,
        "p99_latency_ms": 95.85766000000149,
        "min_latency_ms": 50.124179999966145,
        "max_latency_ms": 95.85766000000149
      },
      "with_cache": {
        "total_requests": 100,
        "total_time_ms": 570.235679999314,
        "mean_latency_ms": 5.70235679999314,
        "median_latency_ms": 0.012000000106127118,
        "std_latency_ms": 19.550369481758914,
        "p95_latency_ms": 60.426439999992,
        "p99_latency_ms": 95.43933999993897,
        "min_latency_ms": 0.009360000058222795,
        "max_latency_ms": 95.43933999993897
      },
      "cache_stats": {
        "hit_rate": 91.6,
        "hit_rate_std": 1.51657508881031
      },
      "speedup": 12.417697796856856,
      "speedup_std": 2.5661080248502572,
      "speedup_per_run": [
        12.412174663900501,
        15.496448033783137,
        9.937437489884408,
        14.416144904159818,
        9.82628389255642
      ],
      "time_reduction_percent": 91.66277831625776
    }
  ],
  "latency_distribution": {
    "requests": 500,
    "without_cache": {
      "mean": 72.31322039999577,
      "p50": 75.28309999997873,
      "p95": 100.56859999986045,
      "p99": 100.7727999999588
    },
    "with_cache": {
      "mean": 3.1226306000098702,
      "p50": 0.004499999704421498,
      "p95": 0.07409999989249627,
      "p99": 100.26450000032128,
      "cache_hit_rate": 95.6
    }
  },
  "energy_estimation": {
    "cpu_power_w": 65,
    "per_100_requests": {
      "without_cache_j": 464.1693472000661,
      "with_cache_j": 80.27861010007291,
      "savings_percent": 82.70488764837131
    },
    "per_million_requests_wh": {
      "without_cache": 1289.3592977779615,
      "with_cache": 222.9961391668692
    }
  }
}